n,g,mean_infidelity_exact,std_F_clifford_exact
2,2.0943951023931953,0.5249999999999999,0.11250000000000016
3,1.3962634015954636,0.4026310703942443,0.20527105915549723
4,1.0471975511965976,0.33667279411764695,0.19895003694650903
5,0.8377580409572781,0.2868694108746894,0.18520804278703212
6,0.6981317007977318,0.24908754385496745,0.17033871074006723
7,0.5983986006837702,0.21982840563595818,0.156482687640867
8,0.5235987755982988,0.19662761401931272,0.14417955473281155
9,0.46542113386515455,0.1778212087707991,0.13341448165442044
10,0.41887902047863906,0.16228248657686462,0.1240091148859858
12,0.3490658503988659,0.13812094396463537,0.108494784808284
13,0.32221463113741466,0.12854589325108723,0.10205222881492015
15,0.2792526803190927,0.11288811781229446,0.09116161474056032
16,0.2617993877991494,0.1064057284972304,0.08652471116853556
18,0.23271056693257727,0.09544219123904696,0.07851287198101076
21,0.19946620022792338,0.08266307689069485,0.0689071022742172
23,0.1821213132515822,0.07588790242823829,0.06369849466442934
26,0.16110731556870733,0.06757860218569645,0.057201566592899156
30,0.13962634015954636,0.05896855535274437,0.05034361175753194
33,0.12693303650867852,0.05382482300319791,0.04618579759003817
37,0.11321054607530787,0.04821665877715209,0.04160100435988121
42,0.09973310011396169,0.04266022438934847,0.037005676862685105
47,0.08912319584651895,0.038251917345314634,0.033322635567978126
53,0.07903377744879983,0.034031753117800934,0.029766029872631057
60,0.06981317007977318,0.030150832410286044,0.0264688696510341
67,0.06251925678785658,0.02706438991004756,0.023828647402038057
75,0.05585053606381855,0.024229696917857257,0.02138974222982326
85,0.04927988476219283,0.021424664053872444,0.018963162785926125
95,0.044092528471435695,0.019201690688111728,0.01703081344699574
107,0.039147572007349446,0.017075602631723474,0.01517500852895296
120,0.03490658503988659,0.015246729486840138,0.01357264327219064
135,0.031028075591010302,0.013569743409397761,0.012098493004111463
152,0.02755783029464731,0.012065686181317758,0.010772406504932741
171,0.024495849150797607,0.010735748625257058,0.009596730596439161
192,0.02181661564992912,0.009569872874621521,0.008563692074112516
216,0.019392547244381438,0.008513275543272747,0.007625550936905249
243,0.017237819772783502,0.007572673642807004,0.006788858529155745
273,0.015343553863686413,0.006744677303399782,0.006051130922428848
307,0.013644267768033846,0.00600103595034196,0.005387604129786453
345,0.012141420883438813,0.005342672168276774,0.004799411941208057
388,0.010795851043263895,0.004752659236029855,0.004271682774727129
437,0.009585332276399064,0.004221420779716434,0.003796036599654794
491,0.008531140946611794,0.0037584444111619097,0.003381132957182513
552,0.007588388052149259,0.003344138902334537,0.0030095496111414485
620,0.006756113233526437,0.0029781721991091192,0.002681087346865275
697,0.006009742044169858,0.002649809497021538,0.00238618936858122
784,0.005342844648962233,0.0023562753351791255,0.0021224214796103083
881,0.004754585930518037,0.002097247612643849,0.0018895441649998564
991,0.004226831689996358,0.0018647769763473487,0.0016804496652446511
1114,0.0037601348337400276,0.0016591346572214505,0.0014954122651972897
1252,0.003345679077305424,0.001476458883857723,0.0013309825107891832
1408,0.0029749930431721525,0.0013130331163229148,0.001183833918751228
1582,0.002647781418954735,0.0011687411418935811,0.0010538771063000225
1779,0.0023545757193852673,0.0010394186689932639,0.0009373739684262497
2000,0.0020943951023931952,0.0009246415938486408,0.0008339513686950028
