gamma,mean_F_clifford,se_F_clifford,mean_F_haar,se_F_haar
0.8,0.3086059522810412,0.0007069773716626629,0.30957566256044927,5.871863194916001e-05
1.6,0.45389139170759196,0.0024145777303520946,0.4574648896618746,0.00019862410940950248
2.4,0.6105902162170601,0.004208572315220396,0.6175556186323773,0.0003403006929220049
3.2,0.6985585441444324,0.005438330403906607,0.7085472367565036,0.00043056650867697566
4.0,0.6740179201357862,0.006273707593759818,0.6855323416085431,0.000493996457802062
4.8,0.5497709902710374,0.007127000702738878,0.5605700614514997,0.0005702020233848629
5.6,0.3843925616494786,0.007563782166326545,0.39214394982314776,0.0006041996185038609
7.0,0.19354057029516586,0.006006453255036577,0.19257513890901734,0.00038713444058749316
9.0,0.2566338177391356,0.0065715538780911934,0.24717122187038496,0.00047982058841508396
