ensemble,t_gates,mean_F,se_F,std_F,mean_M2_bits,se_M2_bits
doped_clifford,0,0.6767941953721557,0.004527371093679241,0.1753443284792056,2.2544231455581155e-07,5.048889390215774e-09
doped_clifford,1,0.6713116882310927,0.0038533645120454835,0.14924016582018826,0.6242168598079655,0.009255640280516394
doped_clifford,2,0.6645886877825398,0.003269362231380785,0.126621854748573,1.2396075889827485,0.012133256506305761
doped_clifford,3,0.6724099330334108,0.0027080370970863034,0.1048818257792713,1.8001619988408626,0.014588341700050998
doped_clifford,5,0.6685319079528126,0.0020346596966064182,0.07880203120156093,2.7962673519858146,0.017678714243358686
doped_clifford,8,0.6725945616092268,0.001305819660316615,0.05057417797556476,3.948270321693912,0.01786978573586611
doped_clifford,14,0.6691617168812537,0.0008537281729888881,0.03306474996174048,4.982654983589834,0.010242479685261732
doped_clifford,24,0.6719217661463689,0.0007248962755672653,0.02807511202999801,5.292939583085859,0.003998228845271777
haar,,0.6712542294522206,0.0007141429633256948,0.0276586380377163,5.332893224223239,0.003009161083978603
